,Text1,Text2,Text3
Text1,1.0,0.7204176877535783,0.6944177726463036
Text2,0.7204176877535783,1.0,0.8297966190099716
Text3,0.6944177726463036,0.8297966190099716,1.0
