,Text1,Text2,Text3
Text1,1.000000101327896,0.5986096526508207,0.6729753667697148
Text2,0.5986096526508207,1.0,0.8182042101792703
Text3,0.6729753667697148,0.8182042101792703,1.0
