,Text1,Text2,Text3
Text1,1.0,0.7053335818195511,0.6757660302323866
Text2,0.7053335818195511,0.999999949336052,0.821431807941253
Text3,0.6757660302323866,0.821431807941253,1.0
