,Text1,Text2,Text3
Text1,1.000000101327896,0.6558623834660179,0.7452896531789378
Text2,0.6558623834660179,0.999999949336052,0.7281494734131125
Text3,0.7452896531789378,0.7281494734131125,1.0
