,Text1,Text2,Text3
Text1,1.000000101327896,0.6792077004039374,0.6288294758115496
Text2,0.6792077004039374,1.0,0.8127474777821534
Text3,0.6288294758115496,0.8127474777821534,1.000000101327896
