,Text1,Text2,Text3
Text1,1.0,0.819030751182231,0.7779243847741509
Text2,0.819030751182231,1.0,0.7955510036489324
Text3,0.7779243847741509,0.7955510036489324,1.000000101327896
