,Text1,Text2,Text3
Text1,1.0,0.6580833507211584,0.6883722392012996
Text2,0.6580833507211584,1.0,0.6751535475685976
Text3,0.6883722392012996,0.6751535475685976,1.000000101327896
