,Text1,Text2,Text3
Text1,1.0,0.7395769909600526,0.7603241858036158
Text2,0.7395769909600526,1.0,0.8260098857657854
Text3,0.7603241858036158,0.8260098857657854,1.0
