,Text1,Text2,Text3
Text1,1.0,0.6964786014136146,0.6160683955050803
Text2,0.6964786014136146,1.000000101327896,0.76462045097427
Text3,0.6160683955050803,0.76462045097427,1.0
