,Text1,Text2,Text3
Text1,1.0,0.7033316719532013,0.73543815657127
Text2,0.7033316719532013,0.999999949336052,0.8230939968968882
Text3,0.73543815657127,0.8230939968968882,1.0
