,Text1,Text2,Text3
Text1,1.0,0.8016501118904621,0.7738032433626463
Text2,0.8016501118904621,0.999999949336052,0.8442465915169779
Text3,0.7738032433626463,0.8442465915169779,1.000000101327896
