,Text1,Text2,Text3
Text1,1.000000101327896,0.6353812769931906,0.6750417643867974
Text2,0.6353812769931906,1.0,0.7448370205764552
Text3,0.6750417643867974,0.7448370205764552,1.0
