,Text1,Text2,Text3
Text1,1.000000101327896,0.7574602497035059,0.811091379069407
Text2,0.7574602497035059,1.0,0.8192084309127595
Text3,0.811091379069407,0.8192084309127595,1.0
