,Text1,Text2,Text3
Text1,1.000000101327896,0.7674122680007046,0.7832887002470751
Text2,0.7674122680007046,1.0,0.8145189905382064
Text3,0.7832887002470751,0.8145189905382064,1.000000101327896
